company,text,created_at,favourite_count,retweet_count
Merck,"‚ÄúNurses today are waging war worldwide against COVID-19, a foe as formidable as any in recorded human history.‚Äù  Read more from our own Jan Nissen via @wef on how #COVID19 reminds us of the crucial role nurses play: https://t.co/K9RNhpKHML #ThankYouNurses",2020-05-07 18:10:43,21,3
Merck,We're proud to present at the BofA Securities 2020 Health Care Conference on May 12: https://t.co/sxXME7g4un $MRK,2020-05-07 10:59:17,1,0
Merck,We‚Äôre sharing our latest #oncology data and studies at @ASCO. Be sure to follow the conversation at #ASCO20: https://t.co/QQreeL54xR $MRK https://t.co/lbs3QkLXp7,2020-05-07 10:46:46,13,6
Merck,RT @MerckforMothers: ‚ÄúOur health care systems must be agile enough to ensure women have a safe pregnancy and childbirth even under the pres‚Ä¶,2020-05-06 19:30:52,0,8
Merck,"From our neighborhood to yours, we‚Äôre sending gratitude to every nurse on the #COVID19 front lines. This #NationalNursesDay tag a nurse you‚Äôd like to thank below ‚¨áÔ∏è https://t.co/Dm0fgWlqkF",2020-05-06 15:14:42,51,13
Merck,Learn more about our latest news in #infectiousdiseases: https://t.co/g5TlW5cL8x $MRK https://t.co/W5ff4GbPx5,2020-05-06 10:49:33,15,9
Merck,"This #GivingTuesdayNow, let‚Äôs come together to pass on the generosity to those impacted by #COVID19. https://t.co/UCq00jwoVP",2020-05-05 19:08:37,24,1
Merck,"From United States üìç Denmark üìç France  üìç South Africa üìç Jordan üìç - ‚Äãour volunteers are taking their efforts global, inspiring others to give together even when we‚Äôre apart. #GivingTuesdayNow https://t.co/332yBxyAUT",2020-05-05 16:53:53,44,8
Merck,"With this new commitment, we have contributed or committed more than $30M in support of global, national and local #COVID19 relief efforts. #GivingTuesdayNow https://t.co/nfUvbVxP9Z",2020-05-05 10:46:14,28,9
Merck,"In solidarity and support of the global day of unity, #GivingTuesdayNow, today we announce our commitment to an additional $10M to #COVID19 relief efforts to help disparately impacted patients and communities, and animals. Learn more: https://t.co/8CmJJ3AFwZ https://t.co/K1O6NDGJpt",2020-05-05 10:46:13,57,25
Merck,Hear how blockchain technology can contribute to supply chains in times of uncertainty like #COVID19.,2020-05-04 14:31:50,20,6
Merck,"‚ÄúDear J.B.: Suddenly you are facing decisions about your body and your future that no one should have to make.‚Äù When J.B. was diagnosed with #melanoma, focusing on the present was her guiding light. Hear her #WithLoveMe story this #MelanomaMonday. https://t.co/nzJrUkWzqq",2020-05-04 12:37:48,19,3
Merck,"To doctors, delivery people and everyone in-between, #ThankYou for your unbound courage. #COVID19 https://t.co/10QmRIzK6n",2020-05-01 18:09:12,55,13
Merck,"In these difficult times, we want to thank the brave people who continue to work on the front lines to help mitigate the spread of vaccine-preventable diseases. #WorldImmunizationWeek https://t.co/2W1oevITqy",2020-04-30 18:49:03,37,5
Merck,"During this unprecedented time, we're committed to ensuring our medicines and vaccines reach our patients and customers. Learn more about our #COVID19 efforts: https://t.co/tyGI5S4tBK https://t.co/zCMsEWROoJ",2020-04-30 15:40:09,40,5
Merck,See more about our latest #oncology update: https://t.co/GVT4I3wlYY $MRK https://t.co/HyHmuQVPjM,2020-04-28 20:43:57,33,13
Merck,"Ken Frazier, Chairman &amp; CEO, on our 1Q 2020 #earnings financial results: https://t.co/t28XgAE9sp $MRK https://t.co/mEGGbRSFYj",2020-04-28 13:19:34,36,4
Merck,#ByTheNumbers: Check out highlights from our 1Q 2020 #earnings report. $MRK https://t.co/xbyEopsutd,2020-04-28 12:02:40,13,1
Merck,Join us this morning at 8 a.m. ET to learn more about our 1Q 2020 #earnings: https://t.co/fRDYTU7IDa $MRK https://t.co/JzZiJE8kIL,2020-04-28 11:29:04,9,1
Merck,Our 1Q 2020 #earnings results are live. Check out our full $MRK financial summary and key highlights here: https://t.co/NN8pHlFqlH https://t.co/6lBZFoXG7X,2020-04-28 10:46:48,30,5
Merck,"Our #COVID19 objectives remain to: protect our employees, supply our medicines + vaccines, contribute our scientific expertise, support our communities. We factor these into every decision we make. Learn more: https://t.co/tyGI5S4tBK https://t.co/KF68KTAXjH",2020-04-28 10:39:54,43,10
Merck,Check out our latest #oncology update: https://t.co/fgyuBA80JM $MRK https://t.co/lY3F4WtVdj,2020-04-27 10:59:30,16,2
Merck,Read about our new research collaboration with @isbsci and a consortium of research and biomed companies to identify potential biomarkers of #COVID19: https://t.co/dKQCZ5NC1W $MRK https://t.co/e0SNLcTvms,2020-04-27 10:52:09,57,35
Merck,Thank you to all the health care workers committed to caring for patients and educating people about the power of #vaccines. #WorldImmunizationWeek https://t.co/Mrjmk7oerI,2020-04-25 11:00:13,49,5
Merck,"We are united by the resilience of our spirits. Listen to how our SVP and managing director, Italy shares in this sentiment. #COVID19 https://t.co/cxUEiqebkF",2020-04-24 18:00:00,14,3
Merck,"Our chief patient officer, Dr. Julie Gerberding, asked three of our medical professional volunteers what made them step forward to serve their communities affected by #COVID19. Hear their heartfelt responses ‚¨áÔ∏è https://t.co/NAaQVLkQJR",2020-04-24 14:48:43,212,43
Merck,Check out our latest #prostatecancer update: https://t.co/Re8gdZ3CYS $MRK https://t.co/HqKwVomfYn,2020-04-24 11:00:41,27,5
Merck,"Throughout these challenging times, our manufacturing teams are working to sustain the flow of medicines and vaccines to the patients and customers that need them. Learn more about our response to #COVID19: https://t.co/tyGI5S4tBK https://t.co/mqWAZypxJJ",2020-04-23 17:42:23,41,4
Merck,"In these unprecedented times, our support for people living with cancer is unwavering. Check out our latest #oncology update: https://t.co/Y9lrvikgOF $MRK https://t.co/ydN1lc8Yra",2020-04-23 10:48:21,25,6
Merck,#COVID19 heightens existing challenges for healthcare delivery particularly in remote or rural areas. Our own Craig Kennedy shares via @wef how drones are an important addition to help strengthen supply chain infrastructure in times of crisis: https://t.co/tY2BFscTic https://t.co/zWxigP8T6w,2020-04-22 17:31:42,19,4
Merck,"To all those on the front-lines, your efforts are noticed and we thank you. Our employees, the country, and the world #ThankYou https://t.co/TESTHy6LR8",2020-04-22 13:45:18,788,167
Merck,"No one should go without the medicines or vaccines they need. As part of our 60-yr old U.S. patient assistance program, we‚Äôre supporting eligible patients by providing our medicines at no cost during #COVID19, and beyond. Call us at 1.800.672.6372. https://t.co/4WgIQp2IHj https://t.co/W9TKI1NnLk",2020-04-21 10:47:10,95,34
Merck,"As the world battles #COVID19 today, the growing threat of antibiotic resistance is still there, too. Learn from our own Dr. Todd Black on how our company is addressing antibiotic resistance: https://t.co/MEwMNBIGvQ https://t.co/DiZo6NWxnb",2020-04-20 19:56:29,28,5
Merck,"#COVID19 requires that our leading scientific + medical institutions collaborate to advance the most promising medical interventions. As a leading infectious disease company, we look forward to sharing our expertise in this @NIH collaboration. https://t.co/RD8wyEd1AQ",2020-04-17 16:51:32,45,19
Merck,"In this moment of an unprecedented health emergency, society is calling on healthcare workers to stand up and be a shield. Listen to how one Merck physician and volunteer is answering the call and spreading ‚Äúcontagion of compassion‚Äù in response to #COVID19. https://t.co/oVAakJXlCa",2020-04-16 17:39:43,279,79
Merck,"RT @PhRMA: As the biopharmaceutical industry attacks #COVID19 in the labs, @LillyPad @Merck &amp; @pfizer are empowering their employees w/ med‚Ä¶",2020-04-16 16:01:52,0,51
Merck,"@USCCFoundation We're proud to support small business efforts, @USCCFoundation.",2020-04-15 20:57:49,2,0
Merck,"To do our part, we're:
‚ñ™Ô∏èProtecting our employees + families
‚ñ™Ô∏èEnsuring medicines + vaccines reach our patients + customers
‚ñ™Ô∏èContributing our scientific expertise
‚ñ™Ô∏èSupporting HCPs + our communities
Read how we're supporting #COVID19 relief efforts: https://t.co/S4S86X5tFR https://t.co/JOBmNlCtWX",2020-04-15 16:33:38,51,14
Merck,Learn more about our latest #oncology news: https://t.co/Ke8kHEfvi8 $MRK https://t.co/0yLxrUVMgg,2020-04-15 10:49:32,23,3
Merck,"To our own employees, to healthcare providers, to those in our local food markets and everyone in between - our teams across the globe thank those working on the front lines against #COVID19. https://t.co/nuKvu8uIEc",2020-04-14 17:00:05,773,161
Merck,"During this time, antimicrobial agents are essential. We continue to mobilize our expertise, our resources, and our resolve with the goal of bringing solutions to patients. #Infectiousdiseases https://t.co/VpAilgffQP",2020-04-14 13:28:42,41,11
Merck,We thank our many manufacturing colleagues who are working to ensure medicines and vaccines get to patients that need them: https://t.co/tyGI5S4tBK #AllinItTogether https://t.co/cfKCxCrC1D,2020-04-13 16:51:35,153,22
Merck,See more about our latest update in #oncology: https://t.co/bt1MdTeT4n $MRK https://t.co/FhaerPWjeu,2020-04-13 10:59:35,18,4
Merck,@shuang41668858 Thank you for reaching out. We'd like to hear more about your daughter's experience. Please contact the National Service Center at 1.800.672.6372 to give further details.,2020-04-10 17:29:01,0,0
Merck,@ItuollaS Thank you for reaching out. The safety of our products is very important to us and we‚Äôd like to hear more from you. Please contact our National Service Center at wecare@merck.com or 1.800.672.6372.,2020-04-10 15:55:55,0,0
Merck,"Dr. Julie Gerberding with @FortuneMagazine's Most Powerful Women on how biopharma is coming together in even more powerful ways to find solutions to #COVID19: ‚ÄúWe're all looking for how we solve the problem as fast as we can, and everyone is scrambling to contribute.‚Äù https://t.co/pvlzxyKMCm",2020-04-10 15:17:27,52,12
Merck,"Through @MerckforMothers we‚Äôre working to meet the needs of pregnant women before, during and after childbirth in the #COVID19 pandemic: https://t.co/aReQOFIag0 https://t.co/mHuEUKXE7J",2020-04-09 12:02:03,24,11
Merck,"‚ÄúOur health systems and heroic health care providers are fully focused on COVID19, but childbirth will not wait for the pandemic to ease.‚Äù ‚Äì Dr. Julie Gerberding https://t.co/8PeYpLS95g",2020-04-09 12:02:02,48,18
Merck,We're #AllInItTogether https://t.co/1SA0o9owrR,2020-04-07 17:00:57,29,3
Merck,Teams at our manufacturing plants are fighting #COVID19 and delivering on our mission to save and improve lives by keeping medicines and vaccines flowing to patients and customers. The plant manager for our largest site says thank you. https://t.co/vxJbIxmOC5,2020-04-07 15:00:00,68,14
Merck,"Today we send praise to the unsung heroes, healing around the world. #WorldHealthDay #COVID19 https://t.co/z07j069xAT",2020-04-07 12:58:04,4300,1138
Merck,Check out our latest #oncology update: https://t.co/gPA9ck5oSZ $MRK https://t.co/zIiLXwNPzy,2020-04-07 10:49:35,20,5
Merck,.@LUNGevity addresses questions and concerns that are most relevant to #lungcancer patients regarding #COVID19. https://t.co/iILVyJun15,2020-04-04 13:03:53,15,4
Merck,"‚ÄúDuring challenging times such as these, we have to ensure that we are continuing to drive an inclusive culture.‚Äù Read more from our own Celeste Warren on being #PoweredByInclusion during #COVID19: https://t.co/lYvQcq6LFc",2020-04-03 18:44:49,18,2
Merck,"‚ÄúThere‚Äôs no way I can step away from this now. I can‚Äôt leave them at this stage. These are my patients as well.‚Äù Merck employee, Dr. Mo Ali, volunteers his time to treat #COVID19 patients. Learn more: https://t.co/zNowPKxv7r https://t.co/ZQwbPZgvWx",2020-04-03 14:28:17,96,10
Merck,Check out our latest #colorectalcancer update: https://t.co/oIe8wzhCS1 $MRK https://t.co/Ixf0ujBRNp,2020-04-02 10:47:55,28,6
Merck,Join us for our 1Q 2020 #earnings conference call on April 28 at 8 a.m. EDT: https://t.co/FDyDFjVxRO $MRK,2020-04-02 10:37:26,15,2
Merck,#AllInItTogether https://t.co/8UHt5L3dGc,2020-04-02 01:38:16,88,13
Merck,We're proud to join @Pfizer and @lillypad in supporting our medical professionals who want to aid in the fight against #COVID19. We are #AllInItTogether. Learn more: https://t.co/x84jxdg6C3 https://t.co/Hz0SlCVPug,2020-04-01 20:34:03,247,66
Merck,"Our company remains focused on protecting the safety of its employees and their families, while assuring that our medicines and vaccines reach the people who need them. Read the 7 ways we‚Äôre supporting #COVID19 relief efforts: https://t.co/S4S86WNShh https://t.co/84Qk9BAFkM",2020-03-31 19:34:47,60,27
Merck,"""At a community level we have a responsibility to stay home and not be a source of transmission to other people. But this is a great time to be socially connected using our digital tools.‚Äù Hear more from Dr. Julie Gerberding in @IAmBiotech podcast. https://t.co/eTOvdZZOA6",2020-03-30 21:01:05,44,13
Merck,@NJSenatePres Proud to support.,2020-03-30 20:36:03,0,0
Merck,"To every hero fighting #COVID19 on the frontlines right now, we thank you. #AllInItTogether #NationalDoctorsDay https://t.co/WBX2Ne7fpn",2020-03-30 19:23:49,157,40
Merck,We‚Äôre pleased to announce our latest data in #cardiovascular health. $MRK,2020-03-28 14:02:42,41,12
Merck,We're proud to announce that Wendy Bartie has been recognized as an @HBAnet 2020 Luminary for her impactful results of advancing women‚Äôs careers and her dedication to healthcare. #HBAWOTY20 #HBAimpact https://t.co/RHfRRwl91F,2020-03-27 17:13:14,27,0
Merck,We‚Äôre proud to join with industry peers and the @gatesfoundation to advance #COVID19 efforts. #AllInItTogether https://t.co/XJZVxYdXvQ,2020-03-26 16:16:18,157,55
Merck,"@GovMurphy @ReadyNJ We‚Äôre proud to support, @GovMurphy.",2020-03-26 02:18:52,12,1
Merck,"Proud to share our donation of 300,000 masks to support #COVID19 emergency response efforts in New Jersey. Click to learn more: https://t.co/dVXp8xJp0T https://t.co/nizCatMRvA",2020-03-25 21:01:59,314,93
Merck,Congratulations to our own Rebecca Ruck for being recognized as an @HBAnet 2020 Rising Star for her outstanding leadership and commitment to #InventingForLife for our patients and their families. #HBAimpact https://t.co/BmjRGUrIFH,2020-03-25 17:04:33,112,9
Merck,@JoelGuidry3 Hi Joel - the safety of our products is very important to us. Please contact our National Service Center at wecare@merck.com or 1.800.672.637 to give further details about your daughter's experience.,2020-03-24 20:27:59,0,0
Merck,@KathrynAbernath Hi Kathryn - thank you for reaching out. We‚Äôd like to hear more about your daughter's experience. Please contact the National Service Center at wecare@merck.com or 1.800.672.6372 to provide more information.,2020-03-24 20:21:55,1,0
Merck,"If you have serious chronic medical conditions like heart disease, diabetes, and lung disease you are at higher risk for #COVID19. Learn from the @CDCgov how to protect yourself: https://t.co/7v4OvQYSb7 https://t.co/nCWqaSi8T5",2020-03-24 13:15:13,27,14
Merck,"‚ÄúAs we come together to fight today's #COVID19 crisis, we must also look ahead and put measures in place now to ensure that we have the antibiotics we need ‚Äî today and in the future.‚Äù Read more from Dr. Julie Gerberding in @statnews. https://t.co/MwvDIYLkoG",2020-03-23 20:56:41,118,44
Merck,"Proud to share our donation of 500,000 masks to support #COVID19 emergency response in New York City. Click to learn more: https://t.co/P0nLuANIYO https://t.co/JBcL73xjif",2020-03-22 16:15:37,381,140
Merck,See our latest company update: https://t.co/GBBj2w8oFK $MRK,2020-03-20 21:02:45,9,1
Merck,"Around the world, our objectives remain the same: To protect the safety of our employees and to produce and supply our essential medicines and vaccines for people who need them. Read our Q+A on #COVID19 efforts here:  https://t.co/NmVvtLOLjO https://t.co/6iWNxiRfat",2020-03-18 21:13:51,52,19
Merck,Check out our latest news: https://t.co/HeVz3K27Rm $MRK https://t.co/HVJFLYK0hx,2020-03-17 10:48:57,18,4
Merck,"From growing up on a farm to leading the boardroom, Laura believes our ability to succeed has nothing to do with gender‚Äîbut the passion you bring to every task. Learn about her journey: https://t.co/J6h7Ewsg6b #WomenInLeadership https://t.co/vh8TPXqQiF",2020-03-16 17:59:05,23,3
Merck,Learn more about our latest #ovariancancer update:  https://t.co/4VPDJ3A7yo $MRK https://t.co/QRKeRsTkY2,2020-03-12 10:47:01,12,1
Merck,"Christine, a proactive employee in promoting equal opportunity, joined our company in 1983 after being the first woman to graduate from Howard University with a degree in chemical engineering. Learn more: https://t.co/taviKMOo0o #WomensHistoryMonth #WednesdayWisdom https://t.co/gauSYaN71o",2020-03-11 18:38:36,22,2
Merck,"Thanks @FastCompany for naming us one of 2020's #FCMostInnovative Companies - #1 in biotech, for our dedication to #InventingForLife. https://t.co/DAra05jGuV",2020-03-10 15:06:02,30,7
Merck,@ILvTink Hi Ellen - the safety of our products is very important to us. We‚Äôd like to hear more from you. Please contact the National Service Center at wecare@merck.com or 1.800.672.6372.,2020-03-10 14:22:05,0,0
Merck,@BenNycbfe We‚Äôd like to hear more about your experience. Please contact our National Service Center at wecare@merck.com or 1.800.672.6372 to give further details.,2020-03-09 11:29:23,0,0
Merck,Genius isn‚Äôt limited to gender. #IWD2020 #EachforEqual https://t.co/ZycdKVfWVe,2020-03-08 12:49:20,52,13
Merck,"Congratulations to scientists from Merck Exploratory Science Center, Cambridge for breakthrough research published @Sciencemagazine in collaboration with @PrincetonChem‚Äôs @MacMillan_Lab. https://t.co/TCySaeQ4Qi",2020-03-07 00:06:06,55,6
Merck,"We join our own @mike_nally in great appreciation for our employee's passion and commitment to our mission, and for fostering a culture of innovation that is #PoweredByInclusion. #EmployeeAppreciationDay https://t.co/GOzxgBdWF5",2020-03-06 22:25:07,14,2
Merck,"In 1969, Ann Colon became the first woman to celebrate her 50th anniversary at our company. #WomensHistoryMonth #ThursdayThoughts https://t.co/jIfwpgDeyH",2020-03-05 14:35:10,30,3
Merck,"With #MyHPVCancerStory, we‚Äôre helping individuals like Bridgette share their experiences battling an HPV-related cancer. Learn more here: https://t.co/JemvFcThQ6 #AskAboutHPV https://t.co/921T9TfEl6",2020-03-04 23:15:53,24,7
Merck,Click to see our latest news in #infectiousdiseases: https://t.co/Wa3pSHmsGN $MRK https://t.co/9yobfYi9JA,2020-03-04 11:49:17,14,8
Merck,Proud to be named a #NAFETop 2020 Company for Executive Women by @_NAFE_. See why here: https://t.co/BNURLfjk9E https://t.co/VVSkDUaQ2C,2020-03-03 15:40:08,10,2
Merck,Learn more about our latest #HIV research to be presented at #CROI2020: https://t.co/6i9Sq93RUb $MRK https://t.co/iz9SObBb3M,2020-03-02 11:48:05,12,4
Merck,Check out our latest #oncology update. https://t.co/67CX5fpTqn $MRK https://t.co/7HaImWKO7b,2020-03-02 11:35:38,8,3
Merck,"@AnneJMcNeil Thank you, @AnneJMcNeil! ‚ò∫ We take PRIDE in being #PoweredByInclusion üåà",2020-02-28 16:56:32,2,0
Merck,We're proud to present at the Cowen and Company 40th Annual Health Care Conference in Boston on March 3: https://t.co/Q3mRHiysYd $MRK,2020-02-27 14:15:01,6,3
Merck,"From star baseball pitcher in the late 1940‚Äôs ‚û°Ô∏è Merck employee - Jimmy Dean most famously pitched for the Philadelphia Stars against legends like Jackie Robinson and Hank Aaron, before trading in his jersey to start his 33-year career with our team. #WednesdayWisdom #BHM",2020-02-26 15:22:54,17,5
Merck,"RT @MerckIMInspired: Congratulations to Steve Mizell, Executive Head of Human Resources, who was named in the inaugural Human Resources Dir‚Ä¶",2020-02-25 18:00:36,0,3
Merck,"Don instituted facility-accessibility standards, giving our facility managers around the world a blueprint for how to create inclusive environments. Learn more about how Don is making a difference inside and outside our company: https://t.co/veH7l4igfe #PoweredByInclusion https://t.co/OBid3Mcxbt",2020-02-24 14:38:22,10,2
Merck,"Vocal proponent for civil rights, nationally &amp; within our company, William Bowers is credited for co-founding Black Employees at Merck (BEAM) group in 1970, which still exists today as LEAD. Learn more about his impact: https://t.co/QnQuEIYxAu #WednesdayWisdom #BlackHistoryMonth https://t.co/Y9ELa37eAs",2020-02-19 15:28:02,15,1
Merck,Click here for our latest news: https://t.co/jTpsutscam $MRK,2020-02-19 00:39:38,9,2
Merck,@YeshuasBride777 Thank you for reaching out. We'd like to hear more about your son's experience. Please contact the National Service Center at wecare@merck.com or 1.800.672.6372 to give further details.,2020-02-18 15:44:07,0,0
Merck,‚ÄúDear Ken: Caring for someone in inconsolable pain will reveal a lot about the kind of person you are.‚Äù When Ken‚Äôs wife was diagnosed with #lungcancer his life took on new meaning. Hear more of his #WithLoveMe story. https://t.co/tsF0YMBpCu,2020-02-18 15:12:42,15,3
Merck,"In our #OwningHIV survey, 28% of HIV-negative millennials said they have avoided hugging, talking to or being friends with someone with HIV. This #ValentinesDay, foster friendship not fear ‚ù§Ô∏è https://t.co/WPKbXeBpik",2020-02-14 19:00:00,33,8
Merck,Learn more about our latest #Ebola news here:  https://t.co/o2zAJzrzxv $MRK https://t.co/eKaLmzIV7c,2020-02-14 16:25:43,12,2
Merck,@HopelezzW Hi - thank you for reaching out. Please contact our National Service Center at wecare@merck.com or 1.800.672.6372 and they will be able to help address your inquiry.,2020-02-14 15:22:22,0,0
Merck,#Selfcare is üóù to making this #ValentinesDay what it‚Äôs meant to be ‚Äì a holiday that celebrates love in every way üíõ https://t.co/cBsY269zYe,2020-02-14 13:35:30,42,10
Merck,"In 1957, Susan R. Jenkins began a long career with us when she joined our labs as one of the first female African American chemists in the company. #WednesdayWisdom #BlackHistoryMonth https://t.co/GzfdzgTd9p",2020-02-12 15:27:30,27,4
Merck,Check out our latest #TNBC update: https://t.co/1cVyEMs01p $MRK https://t.co/rgdmfBZ7eA,2020-02-12 11:46:48,23,8
Merck,People with #T2D should set individual goals to manage the ABCs of diabetes. #FocusonA1C https://t.co/fdU3sRf4LZ,2020-02-10 14:22:08,6,1
Merck,"@IAmBiotech Productive conversation. Thank you for your partnership, Phyllis and BIO team.",2020-02-07 16:21:52,2,0
Merck,Get the details on our recent announcement: https://t.co/GxrQl1sO8G $MRK https://t.co/1bwCqLizNz,2020-02-05 20:00:01,42,12
Merck,#ByTheNumbers: Check out the $MRK highlights from our 4Q and full-year 2019 #earnings report including our recent announcement about spinning off products into a new company. https://t.co/UTNEocAYo4,2020-02-05 14:03:00,272,50
Merck,"We‚Äôre planning for the future of our company and our patients. See more from Kenneth C. Frazier on driving greater value for all of our stakeholders ‚Äì including customers, shareholders and employees: https://t.co/GxrQl1bdh8 $MRK https://t.co/FS9RMVtz6W",2020-02-05 13:19:51,57,16
Merck,Join $MRK at 8 a.m. ET to learn more about our 4Q and full-year 2019 #earnings: https://t.co/fRDYTU7IDa https://t.co/BqchaiWAuy,2020-02-05 13:13:55,12,0
Merck,"Our 4Q and full-year 2019 #earnings results are live. Check out our $MRK financial summary, key highlights and more details on our recent announcement here: https://t.co/5QAKVh7vj8 https://t.co/vZARlh8cs8",2020-02-05 12:23:13,15,3
Merck,"We‚Äôre spinning off products from our women‚Äôs health, legacy brands and biosimilars franchises into a new independent, publicly traded company. Learn more here: https://t.co/EDBjprHqSu $MRK https://t.co/6pav4WuB0t",2020-02-05 12:12:52,30,17
Merck,"That‚Äôs a wrap on #WorldCancerDay but we remain committed to push for progress in the fight against #cancer for the patients of today, and tomorrow. https://t.co/4hJpmyzW9t",2020-02-05 04:55:00,25,2
Merck,"@jcsfrey We‚Äôre sorry to hear that, Jean. Our hearts go out to you and your family‚ù§",2020-02-05 02:39:36,1,0
Merck,@No1uneverknew Thank you for sharing. Wishing you strengthüéó,2020-02-05 02:33:21,1,1
Merck,@xobeauty20 Thanks for sharing and we're sorry to hear that!‚ù§Ô∏è,2020-02-04 22:09:18,1,0
Merck,@NolanPinkerton Thanks for sharing!,2020-02-04 22:08:02,1,0
Merck,We are committed to continuously driving better #cancer care access and outcomes for patients. How will you push for progress? #IAmAndIWill #WorldCancerDay https://t.co/B7LLEpEaLF,2020-02-04 22:01:26,28,4
Merck,@CHLOnasty Thanks for sharing your story! We're sorry to hear about your grandfather ‚ù§,2020-02-04 19:48:44,3,0
Merck,"RT @uicc: A healthier, brighter future for everyone is possible.

#WorldCancerDay #IAmAndIWill https://t.co/CIqH7MZmGF",2020-02-04 19:41:34,0,65
Merck,@FanForumsTV Thanks for joining the #WorldCancerDay conversation.,2020-02-04 18:49:14,1,0
Merck,@BeckyMulder1 Thanks for joining the #WorldCancerDay conversation.,2020-02-04 18:49:04,0,0
Merck,@aIyssahelene Thank you for sharing your story this #WorldCancerDay!,2020-02-04 18:46:13,1,0
Merck,"@CarolynSekerak Thanks for sharing your story, Carolyn. #WorldCancerDay",2020-02-04 18:44:53,0,0
Merck,"@Lynn_USTW Thank you for joining the #WorldCancerDay conversation, Lynn!",2020-02-04 18:41:06,0,0
Merck,#Cancer is one of the greatest health challenges of our time. How will you help push for progress? Take action by sharing your own #IAmAndIWill message. #WorldCancerDay https://t.co/59qfB0M8ae,2020-02-04 18:00:01,15,5
Merck,RT @arpagaray: On this #WorldCancerDay and every day my message remains the same: I am committed to patients and I will make progress towar‚Ä¶,2020-02-04 16:45:11,0,3
Merck,"@jgreenesix Thank you for sharing your kind words this #WorldCancerDay, John.",2020-02-04 16:28:41,2,0
Merck,"Upon learning of his stage IV #LungCancer diagnosis, Steve was determined to remain hopeful. With the support of his family, Steve focused all of his energy on his future.  #WorldCancerDay",2020-02-04 16:00:00,12,2
Merck,"@brooklyns_us Christie, thank you for sharing your powerful and personal story this #WorldCancerDay.",2020-02-04 15:58:35,2,0
Merck,@BlakkFistMusikk Thank you for sharing your story!,2020-02-04 15:56:57,0,0
Merck,"@Alyssa_Manware Thank you for joining the #WorldCancerDay conversation, Alyssa.",2020-02-04 15:18:30,0,0
Merck,@TiaJon Tia - thank you for joining the #WorldCancerDay conversation.,2020-02-04 15:18:20,1,0
Merck,"@Seth_iller Thank you for joining the #WorldCancerDay conversation, Seth.",2020-02-04 15:18:09,0,0
Merck,@PoetKyle Kyle - thank you for joining the #WorldCancerDay conversation.,2020-02-04 15:17:57,0,0
Merck,"@bsaumueller Thank you for joining the #WorldCancerDay conversation, Brian.",2020-02-04 15:17:43,0,0
Merck,@WCWAV1 Thank you for joining the #WorldCancerDay conversation.,2020-02-04 15:17:27,0,0
Merck,@bartobetsy Betsy - thank you for joining the #WorldCancerDay conversation.,2020-02-04 15:17:14,1,0
Merck,@chrishlozek Thank you for joining the #WorldCancerDay conversation.,2020-02-04 15:17:02,0,0
Merck,@airraid73 Thank you for joining the #WorldCancerDay conversation.,2020-02-04 15:16:55,1,0
Merck,"@hazeleyesgirl2 Thank you for joining the #WorldCancerDay conversation, Ellie!",2020-02-04 15:16:47,1,1
Merck,@mr_showkz99 Thank you for joining the #WorldCancerDay conversation.,2020-02-04 15:16:36,0,1
Merck,@jaoxenford Thank you for joining the #WorldCancerDay conversation.,2020-02-04 15:16:23,0,0
Merck,@amandafarrell08 Amanda - thank you for joining the #WorldCancerDay conversation.,2020-02-04 15:16:16,1,0
Merck,@vklakkineni Thank you for joining the #WorldCancerDay conversation.,2020-02-04 15:15:51,0,0
Merck,"@iamdenisejones Thank you for joining the #WorldCancerDay conversation, Denise!",2020-02-04 15:15:40,1,0
Merck,@xio Thank you for joining the #WorldCancerDay conversation.,2020-02-04 15:15:27,0,0
Merck,"@debbieelumpkin Thank you for joining the #WorldCancerDay conversation, Debbie.",2020-02-04 15:15:19,1,0
Merck,@chris_neto Thank you for joining the #WorldCancerDay conversation.,2020-02-04 15:15:06,1,0
Merck,"@ElDavidoteth Thank you for joining the #WorldCancerDay conversation, David.",2020-02-04 15:14:50,0,0
Merck,"@SLCMortgage Thank you for sharing your story this #WorldCancerDay, Cory. Our thoughts are with your family.",2020-02-04 15:14:31,0,0
Merck,@queloldham Marquel - thank you for joining the #WorldCancerDay conversation.,2020-02-04 15:13:21,0,0
Merck,@tobitungl Thank you for joining the #WorldCancerDay conversation.,2020-02-04 15:13:06,1,0
Merck,@mbt216 Thank you for joining the #WorldCancerDay conversation.,2020-02-04 15:12:50,0,0
Merck,"@TomlinKaryn Thank you for joining the #WorldCancerDay conversation, Karyn. Our thoughts are with you and your sister.",2020-02-04 15:12:39,0,0
Merck,"@DrStaceyDVM Thank you for joining the #WorldCancerDay conversation, Stacey!",2020-02-04 15:11:42,0,0
Merck,@soapfanfiction Stephanie - thank you for joining the #WorldCancerDay conversation.,2020-02-04 15:11:30,1,0
Merck,"@AdrianT11747327 Thank you for joining the #WorldCancerDay conversation, Adrian!",2020-02-04 15:11:11,1,0
Merck,@Jamaican_Bloke Thank you for joining the #WorldCancerDay conversation.,2020-02-04 15:10:29,1,0
Merck,"@LeaStewart20 Thank you for joining the #WorldCancerDay conversation, Lea!",2020-02-04 15:10:22,0,0
Merck,@PokelyPie Thank you for joining the #WorldCancerDay conversation.,2020-02-04 15:09:50,0,0
Merck,@BGSULady Thank you for joining the #WorldCancerDay conversation.,2020-02-04 15:09:42,1,0
Merck,@iamtmo Thank you for joining the #WorldCancerDay conversation.,2020-02-04 15:09:36,0,0
Merck,@AlvaThib Thank you for joining the #WorldCancerDay conversation.,2020-02-04 15:09:25,0,0
Merck,"@christyblackiet Stay strong! Thanks for sharing your story, Christy! #WorldCancerDay",2020-02-04 15:09:04,1,0
Merck,"@MichBell Thanks for participating in #WorldCancerDay, Michelle!",2020-02-04 15:08:44,1,0
Merck,@mflex2 Thanks for participating in #WorldCancerDay!,2020-02-04 15:08:30,0,0
Merck,@downbytheH2o Thank you for joining the #WorldCancerDay conversation!,2020-02-04 15:07:48,1,0
Merck,"@maitri108 Thank you for sharing your story, Helen! #WorldCancerDay",2020-02-04 15:07:34,1,0
Merck,@SpazzyKK Thank you for joining the #WorldCancerDay conversation!,2020-02-04 15:07:09,1,0
Merck,@briancmullin Brian - thank you for joining the #WorldCancerDay conversation!,2020-02-04 15:07:01,0,0
Merck,@LULUBELLE1000 Thank you for joining the #WorldCancerDay conversation!,2020-02-04 15:06:51,0,0
Merck,@MeganDopson Thank you for joining the #WorldCancerDay conversation!,2020-02-04 15:06:40,0,0
Merck,"@GaggeroC @RobertEmery_44 @SFDonsBaseball Thank you for sharing your story this #WorldCancerDay, Christopher!",2020-02-04 15:06:02,1,0
Merck,@Seriallab Thank you for joining the #WorldCancerDay conversation!,2020-02-04 15:05:26,1,0
Merck,@Brad_Dietz Thank you for joining the #WorldCancerDay conversation!,2020-02-04 15:05:19,0,0
Merck,@hromgirl Thank you for joining the #WorldCancerDay conversation!,2020-02-04 15:05:12,1,0
Merck,@XenBean Thank you for joining the #WorldCancerDay conversation!,2020-02-04 15:05:05,1,0
Merck,@DiesingWilliam Thank you for joining the #WorldCancerDay conversation!,2020-02-04 15:04:56,0,0
Merck,"@mary25jane Thank you for sharing your story, Mary! #WorldCancerDay",2020-02-04 15:04:36,0,0
Merck,"@kelleydickinso1 Thank you for joining the #WorldCancerDay conversation, Kelley!",2020-02-04 15:04:14,1,0
Merck,@bdogg1123 Thank you for joining the #WorldCancerDay conversation!,2020-02-04 15:04:01,0,0
Merck,@laceyladi2 Thank you for joining the #WorldCancerDay conversation!,2020-02-04 15:03:50,2,0
Merck,@Typicalplayer5 Thank you for joining the #WorldCancerDay conversation!,2020-02-04 15:03:43,0,0
Merck,@Eddacarpenter19 Thank you for joining the #WorldCancerDay conversation!,2020-02-04 15:03:32,0,0
Merck,@firsttakes Thank you for joining the #WorldCancerDay conversation!,2020-02-04 15:03:23,0,0
Merck,"@JamesSampica Thank you for joining the #WorldCancerDay conversation, James!",2020-02-04 15:03:11,0,0
Merck,"@CedricGegel Thank you for sharing your powerful story this #WorldCancerDay, Cedric.",2020-02-04 15:02:58,1,0
Merck,@Wolfhowlers Thank you for joining the #WorldCancerDay conversation!,2020-02-04 15:01:49,0,0
Merck,@Mpj1973Carl Thank you for joining the #WorldCancerDay conversation!,2020-02-04 15:01:35,0,0
Merck,@retiredjarhead Thank you for joining the #WorldCancerDay conversation!,2020-02-04 15:01:25,0,0
Merck,@lupaPadmae35 Thank you for joining the #WorldCancerDay conversation!,2020-02-04 15:01:19,0,0
Merck,@Sal4ro Thank you for joining the #WorldCancerDay conversation!,2020-02-04 15:01:12,1,0
Merck,@scottjoy Thank you for joining the #WorldCancerDay conversation!,2020-02-04 15:01:05,0,0
Merck,@cerestorres Thank you for raising awareness this #WorldCancerDay!,2020-02-04 15:00:15,0,0
Merck,Oncologist ‚úîÔ∏è Supporter‚úîÔ∏è Researcher‚úîÔ∏è Advocate‚úîÔ∏è- our team includes many roles with one common goal: to push for progress against #cancer. Leave your #IAmAndIWill message in the replies ‚¨áÔ∏è#WCD2020 https://t.co/PFG9RGHEnu,2020-02-04 15:00:14,22,3
Merck,@otcwisdom Thank you for sharing your story this #WorldCancerDay!,2020-02-04 14:59:51,0,0
